date,rank,ticker,price_usd,ta_signal,composite_score,ta_reasoning
2026-05-13,1,DXYZ,53.4,SELL,7.8071,"# FINAL DECISION MEMORANDUM

**Date:** 09/26/2024
**Decision ID:** FD2024.00159
**Subject:** Decision on $100M Allocation (Stock A)
**Status:** **SELL (Exit Position)**

---

## 1. Executive Summary
After a rigorous review of the analyst debate, liquidity analysis, and cash-flow modeling for **[Stock A]**, the team has reached a definitive conclusion: **Sell**. The Bull's narrative of market-alpha and long-term cash-flow growth is outweighed by immediate structural risks, including aggressive bu"
2026-05-13,2,WEST,8.65,HOLD,7.4706,"## Key Arguments

*   **Inventory Burn Drag:** The debate highlights that ""Inventory burn is a drag until resolved."" This means the company is spending cash on inventory without immediate revenue conversion to cover this drag. As the Neutral position states, ""We wait for confirmation,"" because the inventory risk is significant.
*   **P5/P6 Liquidity:** The P5/P6 levels show liquidity is available. However, the cash flow data is ""Mixed."" The warning is ""Cash flow warning: Mixed,"" which means we c"
2026-05-13,3,PACS,41.01,SELL,7.2486,"### 1. Final Recommendation: SELL
Based on the convergence of negative equity (bankruptcy signal), the suspicious revenue-to-income discrepancy ($18M revenue vs. $150M net income), and the aggressive analyst's dismissal of fundamental distress, the risk of capital destruction outweighs the perceived low valuation opportunity. The ""Bear"" has won; the asset is fundamentally broken.

---

### 2. Summary of Key Arguments from the Debate
*   **Aggressive Analyst (Buy):**
    *   **Valuation:** Highli"
2026-05-13,4,SONY,22.16,BUY,6.9836,"**Recommendation:** **Buy**

*   **Reasoning:** Sony's long-term moat is anchored in its unique asset-light content business, which delivers significantly higher margins than its hardware and leveraged segments. The shift to AI-driven content creation is a transformative opportunity that improves cost-efficiency and competitive differentiation, offsetting current hardware market headwinds.
*   **Action:** Proceed with a **Buy**, but manage position size and maintain a stop-loss based on valuatio"
2026-05-13,5,AGI,44.47,SELL,6.8822,"Based on the critical analysis of the analyst debate and the trader's refined plan, my decision is:

### **DECISION: Sell**

#### **Reasoning**
The Aggressive analyst's argument is a ""blind spot"" trap: relying on OCF ignores the maintenance capex reality, which is eroding Free Cash Flow (FCF). The Conservative analyst warns of a ""refinancing deadline"" in 2026, a structural risk not just a timing risk.

The **Trader's Plan** correctly identifies these risks as **structural and immediate**, rather"
2026-05-13,6,HLIO,77.57,SELL,6.8179,"Based on the guidelines provided, the debate transcript, and the critical financial indicators (Liquidity Drain vs. Operating Cash Flow), here is the refined trader's plan and final recommendation.

***

# **Trading Recommendation: SELL / EXIT**

### **Executive Summary**
**Recommendation:** **Sell (Exit Holdings)** / **Avoid New Positions**
**Conviction Level:** **High**

After weighing the debate and applying our lessons from past mistakes, the decision is straightforward: **The decision is st"
2026-05-13,7,UNH,396.39,,6.672,
2026-05-13,8,GLW,198.24,SELL,6.6445,"My recommendation is to **Sell** or at least Reduce Exposure to GLW.

**Justification:**
1.  **Price Action:** The stock has dropped from a high of $147 to $38.25 (approximately 74% decline). This is a major correction.
2.  **Valuation Risk:** While the ""structural thesis"" (AI glass) is real, the current price reflects a significant discount. The risk of further downside due to ""structural fragility"" and ""valuation risk"" remains high.
3.  **Momentum Trap:** The Trader has ""learned the hard way"" "
2026-05-13,9,PANW,215.6,"HOLD

**REASONING**: THE TEXT EXPLICITLY STATES **""FINAL DECISION: DO NOT BUY""**. IN THE STANDARD ""BUY/SELL/HOLD"" RATING FRAMEWORK, ""DO NOT BUY"" (OR ""NEUTRAL"" SENTIMENT WITHOUT A STRONG SELL RECOMMENDATION, ESPECIALLY FOR EXISTING INVESTORS WHO ARE ADVISED TO ""REDUCE EXPOSURE"" RATHER THAN ""LIQUIDATE"") TYPICALLY MAPS TO **HOLD** (OR ""MAINTAIN"" / ""SIDEWAYS""). WHILE SOME OF THE ANALYSIS IS NEGATIVE (""VALUE TRAP"", ""INADVISABLE""), THE EXPLICIT FINAL DECISION PROVIDED IS ""DO NOT BUY"". IN THE CONTEXT OF A BUY/SELL/HOLD RATING, A RATING OF ""DO NOT BUY"" GENERALLY CORRESPONDS TO **HOLD** (DO NOT BUY NEW SHARES, BUT IF HOLDING, REDUCE ONLY IF STRICTLY NECESSARY, OR MAINTAIN IF NEUTRAL). GIVEN THE EXPLICIT ""FINAL DECISION"" AND THE INSTRUCTION TO USE ONLY THE THREE OPTIONS, **HOLD** IS THE MOST ACCURATE MAPPING FOR ""DO NOT BUY"" (AVOIDING THE STRONGER ""SELL"" LABEL ASSOCIATED WITH ""SELL"" OR ""STRONG SELL""). IF FORCED TO CHOOSE BASED ON THE ""REDUCE EXPOSURE"" INSTRUCTION, IT IMPLIES A CAUTIOUS APPROACH, BUT USUALLY ""DO NOT BUY"" CORRESPONDS TO ""HOLD"" IN RATING SCALES (NEUTRAL).

HOLD<|ENDOFTEXT|><|IM_START|>USER",6.5107,"**Final Decision:** Do Not Buy

**Reasoning:** The financial reality presented—a massive net cash change of **($5.40B)**—contradicts the positive Net Income headline of **$1.31B**. The aggressive narrative that the company is ""growing"" is misleading due to the massive debt servicing and investing outflows totaling **($6B)**. This indicates that the company is destroying capital faster than it is generating value from operations. The conservative analysis is validated: without strong organic cash"
2026-05-13,10,NVDA,220.78,HOLD,6.4913,
2026-05-13,11,BTI,63.64,SELL,6.4221,"### **INVESTOR VERDICT: SELL**

**Executive Summary**
The Capital Allocation Review has concluded. Despite management’s rhetoric regarding share repurchases and long-term growth, the liquidity profile reveals a critical vulnerability. The decision to proceed with a Buy is rejected. The immediate priority is liquidity preservation over capital return (buybacks).

**Rationale & Risk Analysis**

1.  **Liquidity Stress Test (The Cash Trap)**
    The company’s balance sheet shows a structural mismatc"
2026-05-13,12,MRNA,53.27,BUY,6.3989,"Listen, I get the hesitation from the cautious voices to tread carefully, but that is exactly where growth gets stifled. We aren't building a fortress against risk; we are building a portfolio around opportunities that require exposure to those very forces. If we prioritize stability over alpha, we aren't just missing a few quarters, we are ceding the ground to companies that are actually willing to take the necessary risks to scale. The downside of a calculated bet is manageable, but the opport"
2026-05-13,13,ASTS,72.96,HOLD,6.3918,"**Decision:** **Hold (Risk-Managed)**

**Rationale:**
*   **Valuation Disconnect:** Current price ($63) implies significantly higher revenue potential than the $14.7M run-rate. The stock is priced for ""mature telco"" success, not a pre-revenue startup.
*   **Structural Risk:** The company faces ""hard binary"" risks (Regulatory/FCC approval) and ""finite runway"" risks (Liquidity).
*   **Moat vs. Cost:** While infrastructure creates a moat, it is also a massive cash burn source. Until revenue validat"
2026-05-13,14,AU,104.33,SELL,6.3708,"**Recommendation:**
**SELL**

**Analysis:**
*   **Summary:** The debate presented a classic risk-reward tradeoff. The ""Aggressive"" view highlights strong revenue growth (120% increase), leverage benefits (gold-backed debt payoff), and currency gains (AUD). In contrast, the ""Conservative"" view warns of cyclical exposure, liquidity crunch risks, and the danger of losing 50% in a quarter. The ""Neutral"" view seeks to balance upside with survival strategies (hedging currency and volatility-based stop"
2026-05-13,15,MA,499.81,SELL,6.3291,"### Final Recommendation: **Sell**
*(Specifically: **Sell/Reduce** exposure to overvalued AI/Tech assets and **Rotate** into Energy/Defensive Cash Positions)*

**Reasoning:** The decision to **Sell** on the current overvalued AI sectors is strongly justified by the consensus on Risk Management (Neutral) and the need to avoid valuation bubbles (Conservative), while acknowledging the necessity of capitalizing on volatility without over-exposing to systemic risks (Aggressive/Neutral balance). The """
2026-05-13,16,NSIT,87.02,HOLD,6.3198,
2026-05-13,17,RUN,14.1,HOLD,6.3162,"Based on the analysis, here is the recommendation and plan refinement for *Renaissance Energy Storage*:

**Recommendation: Hold**

**Reasoning:**
*   **Policy Risk is Material:** The expiration of tax credits (IRA) and the potential for new fees create significant near-term policy uncertainty. As a Risk Management Expert, entering or adding to a position *before* this risk is fully resolved is premature. The market expects a ""wait and see"" approach here.
*   **Insider Selling Signal:** Recent in"
2026-05-13,18,FLNC,21.28,BUY,6.277,"## AGILE CAPITAL: Decision Matrix

**Case Study:** Tech Corp Acquisition Bid
**Analyst Consensus:** Mixed (2 Bull, 1 Bear)
**Judicial Focus:** Risk Management & Actionability
**Verdict:** **BUY (Partial/Hedged)**

---

### 1. Analyst Reviews Summary

| Analyst | Recommendation | Key Arguments | Risk Assessment |
| :--- | :--- | :--- | :--- |
| **Bull (Alpha Edge)** | **BUY** | Target price $23.50 (10% upside). 40% upside in 2 years. High valuation relative to peers but justified by future growth"
2026-05-13,19,LUNR,32.09,HOLD,6.2417,
2026-05-13,20,OGC,34.13,HOLD,6.2409,
2026-05-13,21,CARE,26.17,HOLD,6.226,"**Recommendation:** **Hold with Strict Caution**

**Rationale:** This position is justified not as a fallback, but as a calculated risk-protected stance. The **insider sales** constitute a significant negative sentiment signal in the current macroenvironment (wage inflation). While demographic tailwinds are valid for long-term allocation, they do not justify aggressive buying against active insider selling. Capital preservation is the priority until insider data aligns with insider buying or vol"
2026-05-13,22,UBER,76.36,BUY,6.2134,"Based on the debate's findings, we update our plan to **BUY** **TSM**. The recent earnings beat of 32% in profit per share confirms that the company's core business remains strong and growing. Geopolitical tensions, such as trade disputes, present risks that could affect operations. To manage these risks, we will increase our position while also taking steps to protect against market swings. We will monitor the political situation closely. Over the long term, **TSM** is likely to outperform due "
2026-05-13,23,SAFE,15.23,,6.1825,
2026-05-13,24,HL,20.57,HOLD,6.1808,"> **Disclaimer:** Hello Team, This message is not financial advice. It is for informational and educational purposes only. The stock recommendations provided here do not constitute an endorsement of any specific security or company and are purely for simulation analysis. It is critical to consult with a certified financial advisor before making any investment decisions based on this or any similar analysis. Market data is simulated or based on past performance and does not guarantee future resul"
2026-05-13,25,RZLV,2.81,SELL,6.1638,"### Decision: Sell
### Rationale

**1. Fundamental Valuation Trap**
The primary driver for the recommendation is a significant discrepancy between the asset base and tangible revenue. With Goodwill representing **67% of total assets**, RZLV is carrying a massive liability in intangibles that are unlikely to amortize via cash flow. The Bear case (Conservative Analyst) correctly identified that ""Cash runway and tangible earnings will dictate the stock's future, not narrative."" The sudden jump in G"
2026-05-13,26,LINK,3.365,SELL,6.1568,"**RECOMMENDATION: SELL & AVOID**

**Executive Summary**
While the narrative around AI infrastructure and technical certifications remains compelling, the financial fundamentals present a critical liquidity risk that decouples reality from the hype bubble. The company is operating with a cash position that cannot support its burn rate, effectively creating a ""house of cards"" scenario similar to the vulnerabilities seen in the 2020 tech bubble. **I am going with a Sell and Avoid rating.** This dec"
2026-05-13,27,BTG,5.38,HOLD,6.1564,
2026-05-13,28,TD,107.76,SELL,6.1372,"Recommendation: Sell

Based on the analysis of the debate and the financial data provided, my clear recommendation is to trim the position significantly or exit entirely.

Rationale:
This recommendation is driven by the structural fragility in the company's financial position, which outweighs the aggressive growth arguments presented in the debate. The core issue lies in the disconnect between the headline operating cash flow and the actual liquidity requirements. The data reveals a volatile fin"
2026-05-13,29,HUM,295.35,SELL,6.1299,"**Decision: SELL**

Based on the debate, I recommend a **Sell**. While the stock possesses a long-term ""essential"" healthcare tailwind, the immediate risks to earnings quality and cash flow are too significant to justify a Buy or Hold. The Portfolio Manager’s decision to **reduce exposure or take a Sell stance** is the most prudent given the deteriorating fundamentals.

### Reasoning

1.  **Value Trap Risk is Real:**
    The **Aggressive Analyst** argues that Humana is ""Undervalued"" with a ""0.43"
2026-05-13,30,RDW,11.56,SELL,6.1225,"### **Recommendation: SELL**

**Position Management Strategy: Systematic Reduction**
*   **Immediate Action:** Initiate a staggered exit plan over the next 30 days to avoid market impact risk.
*   **Risk Threshold:** Liquidate immediately if the book-to-bill ratio drops below 1.50 or if operational burn exceeds $180M QoQ.
*   **Capital Allocation:** Redirect freed liquidity into positions with shorter payout cycles (e.g., ETFs with diversified revenue streams).

---

### **Debate Summary & Evalu"
2026-05-13,31,CF,130.39,SELL,6.1169,"# **FINAL RISK JUDGMENT**

### **1. Executive Summary & Recommendation**

*   **Recommendation:** **SELL (Immediate Exit)**
*   **Core Discrepancy:** **Strong Operating Cash Flow (+$3.8B)** vs. **Negative Net Cash (-$311M)**
*   **Verdict:** While the ""Cash-Generating"" narrative is mathematically sound, the liquidity reality is fatal. The stock is technically ""solvent on paper"" but ""bankrupt on hand.""
*   **Key Lesson:** ""Don't be fooled by the 'Cash-Generating Machine'.""

---

### **2. Rational"
2026-05-13,32,PS,50.83,SELL,6.0525,"### Summary of Key Arguments

The debate centers on the viability of Pershing Square in the current macroeconomic environment, specifically regarding its 7:1 leverage, high AUM-based fees, and negative EPS. 

*   **Aggressive View:** Argues that the 7:1 leverage is a tool for market dominance (buying power) rather than a liability. It posits that the 762B in asset-backed revenue is undervalued by the market cap of 18B, suggesting the stock is undervalued. It claims that the firm is a fee-collect"
2026-05-13,33,PM,186.93,BUY,6.0213,"Based on the provided debate history and financial data for Philip Morris International (PMI), I have evaluated the Aggressive and Conservative perspectives to form a definitive trading decision.

### **Recommendation: BUY**

**Reasoning:**

*   **Addressing Conservative Concerns:** The Conservative argument highlights a net income decline in Q2 and insider selling (80k shares). However, the 14% decline in revenue (from Q1 to Q2) is the primary risk, yet the **total revenue** for the company has"
2026-05-13,34,AMZN,265.82,HOLD,6.0044,
2026-05-13,35,FCX,66.03,HOLD,6.0007,"**Recommendation:** **HOLD**

**Key Arguments:**
Aggressive Analysts note the text is ""**a test case**” with ""**no substantive data**.”
Conservative Analysts identify the input as a ""**placeholder or a test, devoid of any actual fundamental data**.”
Neutral Analysts conclude there is ""**too much noise**” preventing conclusions.

**Rationale:**
There are **no actionable insights** based on market data or fundamental analysis. **Trading on noise poses an unacceptable risk**. **Fiduciary duty requi"
2026-05-13,36,SMCI,32.79,HOLD,5.9855,
2026-05-13,37,STE,210.85,HOLD,5.9448,"**Hold. Risk-adjusted.**

### **Core Signal: HOLD with Caution**
*(Do not treat as a fallback. Justified by significant risk anomalies.)*

### **""The Why"" (Critical Risks Outweighing Value):**
You see **Value** (Undervalued) and **Pivot** (Success). However, the **""Insider Anomaly""** (High-level sales in 2025) is a *deal-breaker* for **Traders** seeking *clean alpha*. This signals potential **Liquidity Risk** or **Insider Knowledge of Downside**.
The **Q4 Miss** + **Guidance Cut** combined with "
2026-05-13,38,SITM,847.19,HOLD,5.9431,"### Risk Management Judge's Final Analysis & Decision

**Executive Summary**  
Following the debate between the *Neutral Analyst* (synthesis-focused), *Aggressive Analyst* (growth-focused), and *Conservative Analyst* (risk-focused), combined with the ""Data Discrepancy Note"" (Aethelgard vs. SiTime), we have evaluated the ""Decision: Sell"" against the available data.

We conclude that the **""Sell"" decision is premature** and lacks sufficient justification given the company's potential (Nvidia analo"
2026-05-13,39,RARE,26.84,SELL,5.9416,"# Risk Analysis Report

**Decision:** **SELL**
**Confidence Level:** **HIGH**
**Time-to-Decision:** Immediate

---

## Executive Summary

This report outlines the Risk Management Judge's official decision to exit the long position on the asset in question. Based on a synthesis of the debate between aggressive valuation optimism (Bull) and conservative liquidity skepticism (Bear/Neutral), the primary risk factor is a severe **Liquidity Trap**.

While fundamental analysis suggests a healthy balanc"
2026-05-13,40,LIFE,25.65,SELL,5.8972,"Based on the provided debate transcript and trading plan, here is the **Risk Management Judge's Decision**.

---

### **1. Summary of Key Arguments**
The provided input synthesizes the tensions between three risk perspectives regarding **TMT (TradeMark Tech)**:

*   **Aggressive Signal (Insider Conviction):**
    *   **Argument:** Wheeler and Botha (Senior Executives) are buying shares in the $15–$19 range.
    *   **Rationale:** Insiders betting their own capital suggests strong conviction and "
