rank,ticker,composite_score,momentum,volume,news,social,fundamentals,capitol_hill,price_usd,screener_reason,ta_signal,ta_reasoning
4,SONY,6.9836,10.0,2.1264,10.0,6.0,3.7642,8.0,22.16,Composite score ranking (LLM output malformed),BUY,"**Recommendation:** **Buy**

*   **Reasoning:** Sony's long-term moat is anchored in its unique asset-light content business, which delivers significantly higher margins than its hardware and leveraged segments. The shift to AI-driven content creation is a transformative opportunity that improves cost-efficiency and competitive differentiation, offsetting current hardware market headwinds.
*   **Action:** Proceed with a **Buy**, but manage position size and maintain a stop-loss based on valuatio"
12,MRNA,6.3989,8.7551,1.1025,10.0,4.8,6.75,5.0,53.27,Composite score ranking (LLM output malformed),BUY,"Listen, I get the hesitation from the cautious voices to tread carefully, but that is exactly where growth gets stifled. We aren't building a fortress against risk; we are building a portfolio around opportunities that require exposure to those very forces. If we prioritize stability over alpha, we aren't just missing a few quarters, we are ceding the ground to companies that are actually willing to take the necessary risks to scale. The downside of a calculated bet is manageable, but the opport"
18,FLNC,6.277,10.0,2.5105,10.0,2.4,5.2695,5.0,21.28,Composite score ranking (LLM output malformed),BUY,"## AGILE CAPITAL: Decision Matrix

**Case Study:** Tech Corp Acquisition Bid
**Analyst Consensus:** Mixed (2 Bull, 1 Bear)
**Judicial Focus:** Risk Management & Actionability
**Verdict:** **BUY (Partial/Hedged)**

---

### 1. Analyst Reviews Summary

| Analyst | Recommendation | Key Arguments | Risk Assessment |
| :--- | :--- | :--- | :--- |
| **Bull (Alpha Edge)** | **BUY** | Target price $23.50 (10% upside). 40% upside in 2 years. High valuation relative to peers but justified by future growth"
22,UBER,6.2134,7.6168,0.0185,10.0,6.0,3.9153,8.0,76.36,Composite score ranking (LLM output malformed),BUY,"Based on the debate's findings, we update our plan to **BUY** **TSM**. The recent earnings beat of 32% in profit per share confirms that the company's core business remains strong and growing. Geopolitical tensions, such as trade disputes, present risks that could affect operations. To manage these risks, we will increase our position while also taking steps to protect against market swings. We will monitor the political situation closely. Over the long term, **TSM** is likely to outperform due "
33,PM,6.0213,10.0,1.5569,10.0,2.4,4.5184,5.0,186.93,Composite score ranking (LLM output malformed),BUY,"Based on the provided debate history and financial data for Philip Morris International (PMI), I have evaluated the Aggressive and Conservative perspectives to form a definitive trading decision.

### **Recommendation: BUY**

**Reasoning:**

*   **Addressing Conservative Concerns:** The Conservative argument highlights a net income decline in Q2 and insider selling (80k shares). However, the 14% decline in revenue (from Q1 to Q2) is the primary risk, yet the **total revenue** for the company has"
